feature1,to_predict
-0.23482373353320823,-17.77851752295698
-0.1300538944234231,-9.790428567630602
-0.5216197308616141,-39.586850718537974
-0.8446481926485676,-63.81860781821567
-0.5889120221807661,-44.598115019699314
-0.37383322223195803,-28.389581924604812
-0.607917009264654,-45.96961173603412
-1.1129668071566268,-84.2466469982119
-1.2823310515000566,-96.97841607699361
0.14135395064181852,10.671034341613954